
{
    "name": "VOID Ergo",
    "vendorId": "0xF055",
    "productId": "0x3535",
    "lighting": "none",
    "matrix": {"rows": 4, "cols": 12},
    "layouts": {
      "keymap":
      [
        [
          {
            "y": 1,
            "x": 3.5
          },
          "0,3",
          {
            "x": 7.25
          },
          "0,8"
        ],
        [
          {
            "y": -0.875,
            "x": 2.5
          },
          "0,2",
          {
            "x": 1
          },
          "0,4"
        ],
        [
          {
            "y": -0.9950000000000001,
            "x": 10.75
          },
          "0,7",
          {
            "x": 1
          },
          "0,9"
        ],
        [
          {
            "y": -0.8799999999999999,
            "x": 5.5
          },
          "0,5",
          {
            "x": 3.25
          },
          "0,6"
        ],
        [
          {
            "y": -0.875,
            "x": 0.5,
            "c": "#777777"
          },
          "0,0",
          {
            "c": "#cccccc"
          },
          "0,1"
        ],
        [
          {
            "y": -0.9950000000000001,
            "x": 13.75
          },
          "0,10",
          {
            "c": "#cccccc"
          },
          "0,11"
        ],
        [
          {
            "y": -0.3799999999999999,
            "x": 3.5,
            "c": "#cccccc"
          },
          "1,3",
          {
            "x": 7.25
          },
          "1,8"
        ],
        [
          {
            "y": -0.875,
            "x": 2.5
          },
          "1,2",
          {
            "x": 1
          },
          "1,4"
        ],
        [
          {
            "y": -0.9950000000000001,
            "x": 10.75
          },
          "1,7",
          {
            "x": 1
          },
          "1,9"
        ],
        [
          {
            "y": -0.8799999999999999,
            "x": 5.5
          },
          "1,5",
          {
            "x": 3.25
          },
          "1,6"
        ],
        [
          {
            "y": -0.875,
            "x": 0.5,
            "c": "#aaaaaa"
          },
          "1,0",
          {
            "c": "#cccccc"
          },
          "1,1"
        ],
        [
          {
            "y": -0.9950000000000001,
            "x": 13.75,
            "f": 2
          },
          "1,10",
          {
            "f": 4
          },
          "1,11"
        ],
        [
          {
            "y": -0.3799999999999999,
            "x": 3.5,
            "f": 3
          },
          "2,3",
          {
            "x": 7.25
          },
          "2,8"
        ],
        [
          {
            "y": -0.875,
            "x": 2.5
          },
          "2,2",
          {
            "x": 1
          },
          "2,4"
        ],
        [
          {
            "y": -0.9950000000000001,
            "x": 10.75
          },
          "2,7",
          {
            "x": 1
          },
          "2,9"
        ],
        [
          {
            "y": -0.8799999999999999,
            "x": 5.5
          },
          "2,5",
          {
            "x": 3.25
          },
          "2,6"
        ],
        [
          {
            "y": -0.875,
            "x": 0.5,
            "c": "#aaaaaa"
          },
          "2,0",
          {
            "c": "#cccccc"
          },
          "2,1"
        ],
        [
          {
            "y": -0.9950000000000001,
            "x": 13.75
          },
          "2,10",
          {
            "c": "#777777"
          },
          "2,11"
        ],
        [
          {
            "y": -0.1299999999999999,
            "x": 3,
            "c": "#cccccc"
          },
          "3,1",
          {
            "c": "#aaaaaa"
          },
          "3,2",
          {
            "x": 6.25
          },
          "3,9",
          {
            "c": "#cccccc"
          },
          "3,10"
        ],
        [
          {
            "r": 15,
            "rx": 6.5,
            "ry": 4.25,
            "y": 0.34999999999999964,
            "x": -1.1500000000000004,
            "c": "#aaaaaa"
          },
          "3,3"
        ],
        [
          {
            "r": 30,
            "y": -2.05,
            "x": 0.25,
            "c": "#cccccc"
          },
          "3,5"
        ],
        [
          {
            "y": 0.04999999999999982,
            "x": 0.25
          },
          "3,4"
        ],
        [
          {
            "r": -30,
            "y": -0.5,
            "x": 1.5
          },
          "3,6"
        ],
        [
          {
            "y": 0.05000000000000071,
            "x": 1.5
          },
          "3,7"
        ],
        [
          {
            "r": -15,
            "y": -1.75,
            "x": 3.25,
            "c": "#aaaaaa"
          },
          "3,8"
        ]
      ]
      
    }
  }
